City_ID,City,Lat,Lng,Max Temp,Humidity,Cloudiness,Wind Speed,Country,Date
0,invercargill,-46.4,168.35,-0.55,95,9,1.34,NZ,1715196002
1,port-aux-francais,-49.35,70.2167,4.89,74,81,7.52,TF,1715196002
2,hermanus,-34.4187,19.2345,10.45,78,0,2.41,ZA,1715196002
3,el colomo,19.05,-104.25,24.99,62,16,4.35,MX,1715196003
4,grytviken,-54.2811,-36.5092,-3.45,69,6,3.06,GS,1715196003
5,padre paraiso,-17.0742,-41.4844,24.88,57,1,2.93,BR,1715196003
6,puerto natales,-51.7236,-72.4875,0.25,100,100,2.06,CL,1715195900
7,puerto ayora,-0.7393,-90.3518,28.98,96,100,0.89,EC,1715196003
8,salinopolis,-0.6136,-47.3561,28.87,72,93,4.47,BR,1715196003
9,tromso,69.6496,18.957,6.01,42,0,5.14,NO,1715196003
10,edinburgh of the seven seas,-37.0676,-12.3116,14.32,67,35,10.7,SH,1715196003
11,dezhou,37.4486,116.2925,19.46,28,21,6.67,CN,1715196003
12,waitangi,-43.9535,-176.5597,9.34,85,100,3.99,NZ,1715196003
13,ushuaia,-54.8,-68.3,3.81,70,20,1.03,AR,1715196003
14,tuy hoa,13.0833,109.3,25.87,91,99,1.4,VN,1715196004
15,klaksvik,62.2266,-6.589,10.51,99,100,4.27,FO,1715196004
16,fortuna,40.5982,-124.1573,17.97,68,0,5.66,US,1715195810
17,chonchi,-42.6128,-73.8092,9.56,90,100,3.25,CL,1715195976
18,vorgashor,67.5833,63.95,-9.55,93,100,3.45,RU,1715196004
19,toguchin,55.2353,84.3858,8.36,62,0,2.31,RU,1715196004
20,chelno-vershiny,54.4333,51.1,2.63,77,4,5.11,RU,1715196004
21,holualoa,19.6228,-155.9522,24.91,72,40,5.14,US,1715196004
22,shenjiamen,29.9576,122.298,14.11,83,100,2.29,CN,1715196004
23,kindu,-2.95,25.95,23.93,89,68,1.23,CD,1715196004
24,iqaluit,63.7506,-68.5145,-1.15,80,75,7.2,CA,1715195731
25,gisborne,-38.6533,178.0042,11.53,74,77,6.59,NZ,1715196004
26,cidreira,-30.1811,-50.2056,23.65,83,100,5.57,BR,1715196005
27,preobrazheniye,42.9019,133.9064,5.22,84,8,2.63,RU,1715196005
28,albany,42.6001,-73.9662,26.62,63,7,0.45,US,1715195774
29,adamstown,-25.066,-130.1015,22.0,79,100,3.71,PN,1715196005
30,agria,47.9026,20.3733,14.37,79,100,2.7,HU,1715196005
31,port-vila,-17.7338,168.3219,23.03,63,100,5.53,VU,1715196005
32,bata,1.8639,9.7658,27.4,87,100,2.45,GQ,1715196005
33,new norfolk,-42.7826,147.0587,11.07,99,95,0.67,AU,1715196005
34,dzuunharaa,48.8523,106.4579,9.08,78,100,1.34,MN,1715196006
35,matam,15.6175,-13.3303,40.68,16,0,3.7,SN,1715196006
36,east london,-33.0153,27.9116,21.49,83,99,4.81,ZA,1715196006
37,longyearbyen,78.2186,15.6401,0.91,60,20,3.6,SJ,1715196006
38,grojec,51.8625,20.8676,14.08,50,100,4.09,PL,1715196006
39,blackmans bay,-43.0167,147.3167,10.41,96,79,2.02,AU,1715196006
40,kapuskasing,49.4169,-82.4331,10.05,57,75,4.63,CA,1715195806
41,kerikeri,-35.2268,173.9474,9.95,84,5,1.34,NZ,1715196006
42,villa huidobro,-34.8383,-64.5869,15.14,22,0,8.07,AR,1715196006
43,ingeniero guillermo n. juarez,-23.9,-61.85,22.18,92,100,9.32,AR,1715196006
44,caleta de carquin,-11.0925,-77.6267,21.61,77,42,3.38,PE,1715196006
45,aras-asan,8.8908,126.3033,25.1,86,7,1.87,PH,1715196006
46,constantia,44.1833,28.65,11.5,86,31,7.14,RO,1715195809
47,la passe,45.5549,-0.8967,19.13,82,43,4.21,FR,1715196007
48,prineville,44.2999,-120.8345,13.95,46,0,0.89,US,1715196007
49,brisas de zicatela,15.8369,-97.0419,29.29,74,75,5.14,MX,1715196007
50,altai,46.3722,96.2583,7.92,65,61,3.27,MN,1715196007
51,machali,-34.1833,-70.6667,12.6,54,0,4.12,CL,1715196007
52,miyako,39.6367,141.9525,7.14,92,100,1.41,JP,1715196007
53,aasiaat,68.7098,-52.8699,-3.84,71,86,4.58,GL,1715196007
54,punta arenas,-53.15,-70.9167,4.06,81,75,2.06,CL,1715195295
55,saipan,15.1355,145.701,28.39,78,40,5.66,MP,1715196007
56,barclayville,4.6797,-8.2339,26.21,91,100,2.36,LR,1715196008
57,hithadhoo,-0.6,73.0833,27.97,80,100,6.5,MV,1715196008
58,vilyuchinsk,52.9306,158.4028,2.15,82,100,3.16,RU,1715196008
59,anar darah,32.7587,61.654,30.74,25,100,0.95,AF,1715196008
60,harstad,68.799,16.5293,4.53,95,100,8.05,NO,1715196008
61,ponta delgada,37.7333,-25.6667,18.44,82,40,9.26,PT,1715196008
62,port mathurin,-19.6833,63.4167,25.57,67,90,12.05,MU,1715196008
63,ta`u,-14.2336,-169.5144,28.89,79,97,5.5,AS,1715196008
64,yellowknife,62.456,-114.3525,14.67,55,20,5.14,CA,1715196008
65,minas de marcona,-15.2119,-75.1103,18.38,68,73,8.51,PE,1715196008
66,tamanrasset,22.785,5.5228,31.95,9,0,4.12,DZ,1715196008
67,aswan,24.0934,32.907,28.16,9,11,4.48,EG,1715195632
68,fale old settlement,-9.3852,-171.2468,29.53,76,69,5.03,TK,1715196009
69,nha trang,12.25,109.1833,29.0,89,49,1.93,VN,1715196009
70,konigs wusterhausen,52.3014,13.633,15.1,44,0,3.09,DE,1715196009
71,sheridan,44.8333,-106.9173,7.21,85,100,11.83,US,1715196009
72,kapa'a,22.0752,-159.319,26.99,80,100,4.63,US,1715195803
73,hamilton,39.1834,-84.5333,30.14,52,20,3.09,US,1715195909
74,kimbe,-5.5502,150.1429,24.75,97,100,0.33,PG,1715196009
75,buka,40.8108,69.1986,25.84,36,100,2.56,UZ,1715196009
76,bethel,41.3712,-73.414,29.09,65,75,3.09,US,1715195809
77,chibougamau,49.9168,-74.3659,9.79,53,100,4.12,CA,1715196010
78,hawaiian paradise park,19.5933,-154.9731,25.73,74,40,1.54,US,1715196010
79,tashtagol,52.7657,87.8894,7.99,82,15,1.06,RU,1715196010
80,kourou,5.1552,-52.6478,30.03,73,99,4.01,GF,1715196010
81,kingston,17.997,-76.7936,28.98,76,100,1.81,JM,1715195809
82,ust'-ilimsk,58.0006,102.6619,7.47,58,100,2.24,RU,1715196010
83,sabang,5.8933,95.3214,29.55,73,98,3.38,ID,1715196010
84,wailua homesteads,22.0669,-159.378,26.24,80,100,4.63,US,1715196010
85,san antonio de pale,-1.4014,5.6325,27.05,89,24,4.12,GQ,1715196011
86,brownwood,31.7093,-98.9912,33.62,38,0,6.69,US,1715196011
87,byron bay,-28.65,153.6167,15.95,82,100,2.54,AU,1715195734
88,khandyga,62.6667,135.6,0.73,95,100,1.68,RU,1715196011
89,chepo,9.1667,-79.1,30.98,69,100,0.94,PA,1715196011
90,nemuro,43.3236,145.575,2.75,84,8,2.86,JP,1715196011
91,san patricio,28.017,-97.5169,32.87,53,100,4.58,US,1715196011
92,verkhnevilyuysk,63.4453,120.3167,-3.26,89,96,3.84,RU,1715196011
93,bilibino,68.0546,166.4372,-4.55,91,100,1.14,RU,1715196011
94,pangody,65.85,74.4859,-14.12,100,87,2.66,RU,1715196011
95,alice springs,-23.7,133.8833,9.75,76,0,3.6,AU,1715195981
96,qaqortoq,60.7167,-46.0333,2.52,61,100,1.43,GL,1715196011
97,ascension,30.2169,-90.9001,32.82,68,75,6.69,US,1715196012
98,college,64.8569,-147.8028,11.16,72,75,0.0,US,1715196012
99,las heras,-46.5419,-68.9359,6.71,51,13,4.33,AR,1715196012
100,thompson,55.7435,-97.8558,12.09,47,40,1.54,CA,1715196012
101,murun-kuren,49.6342,100.1625,10.64,73,100,0.75,MN,1715196012
102,ceylanpinar,36.8472,40.05,19.93,38,0,2.11,TR,1715196012
103,isafjordur,66.0755,-23.124,2.05,74,4,4.64,IS,1715196012
104,las palmas,28.4204,-14.0131,19.44,88,0,8.23,ES,1715196012
105,ribeira grande,38.5167,-28.7,18.76,77,40,7.2,PT,1715196012
106,tingi,-11.3,35.0333,16.62,79,12,2.21,TZ,1715196012
107,kukawa,12.9234,13.5606,34.54,20,52,4.44,NG,1715196013
108,margate,51.3813,1.3862,12.71,73,100,0.45,GB,1715196013
109,tolanaro,-25.0319,46.9987,22.16,88,39,5.05,MG,1715196013
110,lazaro cardenas,17.9583,-102.2,28.29,61,14,4.45,MX,1715196013
111,pemangkat,1.1667,108.9667,26.02,89,100,3.47,ID,1715196013
112,hasaki,35.7333,140.8333,11.22,78,100,11.68,JP,1715196013
113,anadyr,64.75,177.4833,-7.72,73,0,5.0,RU,1715196013
114,hilo,19.7297,-155.09,25.85,72,40,1.54,US,1715196013
115,uturoa,-16.7333,-151.4333,27.51,78,74,6.93,PF,1715196013
116,queenstown,-31.8976,26.8753,13.59,81,4,2.17,ZA,1715196013
117,kharp,66.8014,65.8081,-2.94,94,100,4.89,RU,1715196013
118,hadibu,12.65,54.0333,29.62,72,2,1.14,YE,1715196014
119,pedernales,18.0384,-71.744,28.1,74,1,3.88,DO,1715196014
120,tura,25.5198,90.2201,20.87,64,0,1.69,IN,1715195715
121,pamandzi,-12.7967,45.2794,26.88,83,0,2.57,YT,1715196014
122,papatowai,-46.5619,169.4708,3.14,84,11,2.67,NZ,1715196014
123,vinita,36.6387,-95.1541,30.25,68,48,3.13,US,1715196014
124,avarua,-21.2078,-159.775,28.03,89,75,4.63,CK,1715196014
125,tiksi,71.6872,128.8694,-9.37,95,63,3.24,RU,1715196014
126,porto novo,6.4965,2.6036,28.87,75,100,4.44,BJ,1715196014
127,fort mcmurray,56.7268,-111.381,15.77,51,0,2.06,CA,1715196014
128,talnakh,69.4865,88.3972,-11.0,79,98,1.88,RU,1715196015
129,ancud,-41.8697,-73.8203,10.09,82,100,7.23,CL,1715196015
130,crescent city,41.756,-124.2018,19.58,71,0,9.26,US,1715196015
131,turpan,42.9333,89.1667,27.69,22,7,2.6,CN,1715196015
132,olonkinbyen,70.9221,-8.7187,-1.6,99,100,9.38,SJ,1715196015
133,fisterra,42.9049,-9.2629,15.66,82,13,4.98,ES,1715196015
134,afaahiti,-17.75,-149.2833,27.93,85,100,6.75,PF,1715196015
135,saint-philippe,-21.3585,55.7679,24.77,76,90,6.82,RE,1715196015
136,pacific grove,36.6177,-121.9166,23.83,50,0,4.02,US,1715196015
137,silsbee,30.3491,-94.178,30.01,80,6,0.89,US,1715195879
138,jamestown,42.097,-79.2353,25.29,37,20,10.29,US,1715196016
139,ar rutbah,33.0381,40.2848,20.52,28,0,2.78,IQ,1715196016
140,motygino,58.1831,94.7592,5.99,89,62,3.58,RU,1715196016
141,linqiong,30.4159,103.4609,16.9,79,62,0.48,CN,1715196017
142,saint-pierre,-21.3393,55.4781,24.82,61,0,5.66,RE,1715195905
143,francistown,-21.17,27.5079,17.92,34,1,3.93,BW,1715196017
144,georgetown,5.4112,100.3354,28.96,84,20,1.54,MY,1715196017
145,libenge,3.65,18.6333,25.29,88,100,3.54,CD,1715196017
146,utrik,11.2278,169.8474,26.85,78,100,9.41,MH,1715196017
147,rio grande,-32.035,-52.0986,25.06,85,100,8.11,BR,1715196017
148,west island,-12.1568,96.8225,26.99,83,75,4.63,CC,1715196018
149,san juan del sur,11.2529,-85.8705,35.12,55,75,0.0,NI,1715196018
150,slave lake,55.2834,-114.769,11.99,35,0,4.12,CA,1715196018
151,slavyanka,42.8633,131.3847,5.91,93,97,1.48,RU,1715196018
152,fort st. john,56.2499,-120.8529,12.94,35,40,9.77,CA,1715196019
153,lompoc,34.6391,-120.4579,25.47,62,0,5.66,US,1715195924
154,goroka,-6.0834,145.3873,17.59,99,100,0.76,PG,1715196019
155,cananeia,-25.0147,-47.9267,31.75,54,32,1.95,BR,1715195915
156,nizhniy odes,63.6445,54.856,0.05,94,100,7.32,RU,1715196019
157,maun,-19.9833,23.4167,22.65,31,0,3.66,BW,1715196019
158,vila franca do campo,37.7167,-25.4333,18.27,99,49,4.58,PT,1715196020
159,bodo,67.28,14.405,5.02,80,75,6.69,NO,1715196020
160,tirat karmel,32.7617,34.9719,22.05,75,0,4.76,IL,1715196020
161,tazovsky,67.4667,78.7,-14.27,98,69,3.13,RU,1715196020
162,lamu,-2.2717,40.902,26.24,85,100,7.2,KE,1715196020
163,kone,-21.0595,164.8658,17.07,91,0,1.69,NC,1715196020
164,tartagal,-22.5164,-63.8013,17.92,97,100,4.98,AR,1715196020
165,shakawe,-18.3667,21.85,22.34,35,0,0.76,BW,1715196021
166,vadso,70.0744,29.7487,-0.51,86,40,3.09,NO,1715196021
167,reggane,26.7158,0.1714,35.44,5,100,2.61,DZ,1715196021
168,pyhaselka,62.4333,29.9667,-0.34,61,76,1.93,FI,1715196021
169,zhigalovo,54.8097,105.1578,7.9,54,100,1.82,RU,1715196021
170,coahuayana de hidalgo,18.7,-103.6583,30.7,51,95,3.6,MX,1715196021
171,paracuru,-3.41,-39.0306,30.62,80,99,4.2,BR,1715196022
172,kharian,32.8149,73.8636,30.88,16,0,2.18,PK,1715196022
173,bykovo,55.6361,38.0803,1.42,84,75,12.96,RU,1715196022
174,cooper's town,26.8667,-77.5167,24.78,69,0,2.9,BS,1715196022
175,stanley,54.868,-1.6985,14.32,76,20,3.6,GB,1715196022
176,salym,60.0625,71.4789,5.94,77,100,4.27,RU,1715196022
177,al lagowa,11.4,29.1333,32.97,11,1,3.57,SD,1715196023
178,ust-nera,64.5667,143.2,1.26,82,100,0.19,RU,1715196023
179,guarapari,-20.6667,-40.4975,27.72,76,2,6.0,BR,1715196023
180,longmen,24.9597,118.0889,22.34,80,100,1.12,CN,1715196023
181,arkhangel'sk,64.5401,40.5433,-2.15,74,100,4.0,RU,1715195742
182,kill devil hills,36.0307,-75.676,33.0,54,0,3.6,US,1715196023
183,amos,48.5669,-78.1162,12.63,40,100,4.38,CA,1715195958
184,shilovo,54.3204,40.874,1.13,88,100,4.75,RU,1715196023
185,nuuk,64.1835,-51.7216,5.34,45,20,4.63,GL,1715196024
186,magadan,59.5667,150.8,-0.26,93,98,2.14,RU,1715196024
187,port saint john's,-31.6229,29.5448,21.94,76,69,1.8,ZA,1715196024
188,kruisfontein,-34.0033,24.7314,16.6,82,41,1.11,ZA,1715196024
189,karymskoye,51.6167,114.35,5.76,36,30,0.74,RU,1715196024
190,udachny,66.4167,112.4,-6.97,89,40,2.93,RU,1715196024
191,quellon,-43.1167,-73.6167,9.05,88,100,6.21,CL,1715196024
192,kuta,-8.7233,115.1723,26.97,88,40,5.81,ID,1715196024
193,chu,43.5983,73.7614,18.1,48,100,0.48,KZ,1715196025
194,port elizabeth,-33.918,25.5701,17.83,85,75,3.6,ZA,1715195749
195,acapulco de juarez,16.8634,-99.8901,28.9,70,40,3.6,MX,1715195902
196,fengxiang,47.5833,130.8333,9.08,72,100,7.62,CN,1715196025
197,zapopan,20.7167,-103.4,34.86,8,9,2.41,MX,1715195802
198,cheney,47.4874,-117.5758,14.06,47,75,3.6,US,1715196026
199,horta,38.5333,-28.6333,18.34,79,40,7.2,PT,1715196026
200,mao,39.8885,4.2658,17.31,72,0,4.63,ES,1715196026
201,ilulissat,69.2167,-51.1,-1.99,74,75,3.6,GL,1715196026
202,okhotsk,59.3833,143.3,-0.57,95,100,2.14,RU,1715196026
203,livingstonia,-10.606,34.1063,16.94,86,50,1.79,MW,1715196026
204,carsamba,41.1989,36.7219,11.86,94,0,2.06,TR,1715196027
205,trail,49.0998,-117.7022,20.93,28,99,0.53,CA,1715196027
206,akureyri,65.6835,-18.0878,7.96,42,75,3.09,IS,1715196027
207,egilsstadir,65.2653,-14.3948,8.95,46,20,5.14,IS,1715196027
208,nishinoomote,30.7333,131.0,17.31,75,100,4.87,JP,1715196027
209,namtsy,62.7161,129.6658,-1.26,93,16,2.58,RU,1715196027
210,belyy yar,53.6039,91.3903,11.94,50,0,4.0,RU,1715196027
211,darwin,-12.4611,130.8418,23.99,88,7,1.03,AU,1715195582
212,comandante fontana,-25.3345,-59.6821,24.98,82,48,6.99,AR,1715196027
213,margaret river,-33.95,115.0667,17.45,48,100,4.94,AU,1715196027
214,verkhovazh'ye,60.7472,42.0465,-1.03,56,100,4.43,RU,1715196028
215,swift current,50.2834,-107.8014,13.7,67,100,6.36,CA,1715195908
216,oroqen zizhiqi,50.5667,123.7167,2.87,60,0,1.9,CN,1715196028
217,lyozna,55.0249,30.7956,-0.3,55,7,4.15,BY,1715196028
218,dalandzadgad,43.5708,104.425,16.79,36,100,4.72,MN,1715196028
219,dunedin,-45.8742,170.5036,2.67,87,6,2.66,NZ,1715195838
220,sakakah,29.9697,40.2064,24.76,11,0,2.68,SA,1715196028
221,seosan,36.7817,126.4522,9.91,67,0,0.17,KR,1715196028
222,villa gesell,-37.2639,-56.973,15.59,72,92,13.3,AR,1715195974
223,cill airne,52.05,-9.5167,14.53,77,26,2.14,IE,1715196028
224,hirara,24.8,125.2833,20.92,68,100,7.2,JP,1715196028
225,richards bay,-28.783,32.0377,21.71,83,28,3.59,ZA,1715196028
226,kununurra,-15.7667,128.7333,23.99,53,0,3.09,AU,1715196029
227,faya-largeau,17.9257,19.1043,36.0,12,4,4.38,TD,1715196029
228,kavieng,-2.5744,150.7967,28.06,82,79,6.78,PG,1715196029
229,raduzhny,62.0961,77.475,-0.57,97,100,1.28,RU,1715196029
230,okakarara,-20.5833,17.4333,24.4,37,99,2.19,NA,1715196029
231,codrington,-38.2667,141.9667,9.41,86,21,1.75,AU,1715196029
232,santa cruz,-17.8,-63.1667,31.7,58,20,10.29,BO,1715195988
233,enewetak,11.3474,162.3373,27.55,71,99,9.13,MH,1715196029
234,bredasdorp,-34.5322,20.0403,13.21,81,0,0.24,ZA,1715196029
235,petropavlovsk-kamchatsky,53.0452,158.6483,1.33,78,75,3.58,RU,1715196029
236,talara,-4.5772,-81.2719,26.42,65,0,7.2,PE,1715196029
237,pedregal,8.3667,-82.4333,29.05,84,100,4.12,PA,1715196029
238,swakopmund,-22.6833,14.5333,16.47,84,1,1.79,NA,1715196030
239,orita eruwa,7.55,3.4333,28.43,75,100,3.98,NG,1715196030
240,city of balikpapan,-1.242,116.8942,25.6,88,64,1.14,ID,1715196030
241,kayangel,8.0823,134.7173,28.43,77,100,4.98,PW,1715196030
242,nouadhibou,20.931,-17.0347,19.99,83,20,9.26,MR,1715196030
243,iskateley,67.6803,53.1512,-4.99,88,100,7.15,RU,1715196030
244,albion,42.2431,-84.753,25.01,32,0,5.14,US,1715196030
245,sisimiut,66.9395,-53.6735,-1.19,73,71,2.23,GL,1715196030
246,flying fish cove,-10.4217,105.6791,26.82,89,100,5.14,CX,1715195910
247,kushiro,42.975,144.3747,-0.47,100,11,1.54,JP,1715196030
248,fuerte olimpo,-21.0415,-57.8738,38.36,29,38,4.19,PY,1715196030
249,hat yai,7.0084,100.4767,31.09,94,20,1.54,TH,1715196030
250,mandla,22.6,80.3833,29.18,37,1,1.98,IN,1715196030
251,yelizovo,53.1873,158.3805,2.08,67,75,2.68,RU,1715196031
252,luena,-11.7833,19.9167,20.33,67,100,0.48,AO,1715196031
253,palopo,-2.9996,120.1921,24.51,95,100,1.53,ID,1715196031
254,raja,8.4596,25.678,30.66,24,10,1.78,SS,1715196031
255,ebon,4.582,168.6964,28.44,78,23,6.13,MH,1715196031
256,luanda,-8.8368,13.2343,27.0,90,75,3.6,AO,1715195669
257,sitka,57.0531,-135.33,7.94,87,100,6.69,US,1715196031
258,atafu village,-8.5421,-172.5159,29.58,75,31,5.31,TK,1715196031
259,chaman,30.9236,66.4512,27.27,21,0,2.4,PK,1715196031
260,la'ie,21.6477,-157.9253,26.98,71,1,2.24,US,1715196031
261,sale,34.0389,-6.8166,24.8,68,98,1.54,MA,1715195941
262,xinzhi,36.4989,111.7047,18.85,52,6,1.33,CN,1715196032
263,luderitz,-26.6481,15.1594,17.1,70,0,6.66,NA,1715196032
264,howard springs,-12.497,131.047,23.95,98,33,0.75,AU,1715196032
265,rochester,43.1548,-77.6156,24.08,54,75,10.8,US,1715195700
266,semnan,35.5729,53.3971,18.03,44,10,4.53,IR,1715196032
267,puerto cabezas,14.0351,-83.3888,31.98,74,75,5.14,NI,1715196032
268,poco verde,-10.7083,-38.1833,28.85,61,41,5.34,BR,1715196032
269,lieksa,63.3167,30.0167,-1.11,66,5,3.19,FI,1715196032
270,goris,41.9842,44.1158,8.55,82,100,1.79,GE,1715196032
271,road town,18.4167,-64.6167,28.02,78,20,4.12,VG,1715196013
272,santa ana,33.7456,-117.8678,25.04,57,20,4.12,US,1715195740
273,'ali al gharbi,32.4633,46.6864,24.71,29,0,3.78,IQ,1715196032
274,pisco,-13.7,-76.2167,21.68,83,40,4.63,PE,1715196033
275,calvinia,-31.4707,19.776,15.04,62,0,1.28,ZA,1715196033
276,praya,14.9215,-23.5087,26.78,58,2,6.56,CV,1715195867
277,serov,59.6033,60.5787,7.93,96,100,3.54,RU,1715196033
278,polyarnyy,69.1989,33.4478,-3.77,78,88,1.74,RU,1715196033
279,yeniseysk,58.4497,92.1703,4.97,84,37,3.58,RU,1715196033
280,noosa heads,-26.3833,153.15,18.52,69,94,7.02,AU,1715196033
281,leninskoye,41.7589,69.3864,21.63,45,100,2.26,KZ,1715196033
282,shevchenko,48.5,35.0,10.92,50,100,2.35,UA,1715196034
283,talcahuano,-36.7167,-73.1167,11.82,71,20,3.09,CL,1715196034
284,san luis de la loma,17.2706,-100.8939,30.41,50,13,4.09,MX,1715196034
285,daru,-9.0763,143.2092,25.42,92,100,7.67,PG,1715196034
286,mwene-ditu,-7.0,23.45,23.3,75,87,1.17,CD,1715196032
287,siwa oasis,29.2041,25.5195,27.07,16,2,4.85,EG,1715196034
288,tangalle,6.024,80.7911,25.66,92,100,3.07,LK,1715196034
289,praia da vitoria,38.7333,-27.0667,20.14,68,20,5.23,PT,1715196034
290,kanniyakumari,8.0833,77.5667,29.03,78,100,4.47,IN,1715196034
291,la ronge,55.1001,-105.2842,16.12,38,0,4.63,CA,1715195979
292,dorado,18.4588,-66.2677,27.94,83,75,4.12,PR,1715195761
293,ambovombe,-25.1667,46.0833,21.06,84,0,4.22,MG,1715196035
294,devils lake,48.1128,-98.8651,16.99,54,100,6.69,US,1715196035
295,sullivan,36.5168,-82.5332,19.58,100,100,3.09,US,1715196035
296,whitehorse,60.7161,-135.0538,8.78,49,75,6.71,CA,1715196035
297,kenai,60.5544,-151.2583,8.05,61,100,2.06,US,1715196035
298,revelstoke,50.9832,-118.2023,17.01,23,0,2.57,CA,1715196035
299,jianguang,28.1938,115.7836,18.87,78,100,2.49,CN,1715196035
300,at taj,24.2049,23.2857,29.92,14,100,4.48,LY,1715196035
301,ubari,26.5921,12.7805,30.48,9,9,2.99,LY,1715196035
302,fedorovskiy,45.0972,40.9517,11.76,92,98,2.24,RU,1715196036
303,crane,31.3974,-102.3501,31.14,10,0,7.69,US,1715196036
304,primero de enero,21.9469,-78.4283,31.65,49,96,6.19,CU,1715196036
305,kaihua,23.3687,104.28,16.44,89,100,0.75,CN,1715195797
306,petawawa,45.9001,-77.3328,9.88,90,100,3.6,CA,1715196014
307,cockburn town,21.4612,-71.1419,25.43,73,1,7.08,TC,1715195879
308,boda,4.3189,17.4695,22.89,96,98,0.99,CF,1715196036
309,papao,-17.75,-149.55,28.82,82,100,7.04,PF,1715196036
310,klyuchi,52.2667,79.1667,13.22,49,14,2.6,RU,1715196036
311,bathsheba,13.2167,-59.5167,30.34,74,75,8.23,BB,1715196036
312,gubkin,51.2817,37.5458,5.35,65,60,3.31,RU,1715196036
313,kailua-kona,19.6406,-155.9956,26.98,72,40,5.14,US,1715195811
314,pyhajarvi,67.0701,27.2176,-6.18,95,97,1.07,FI,1715196037
315,grand-bassam,5.2118,-3.7388,29.98,81,100,4.1,CI,1715196037
316,sakaiminato,35.55,133.2333,11.99,62,40,2.57,JP,1715196037
317,arkalyk,50.2486,66.9114,17.5,46,100,5.92,KZ,1715196037
318,rehoboth,-23.3167,17.0833,22.06,31,27,1.89,NA,1715196037
319,hami,42.8,93.45,22.09,27,0,5.92,CN,1715196037
320,kidal,18.4411,1.4078,37.55,8,6,3.46,ML,1715196037
321,broome,42.2506,-75.833,27.32,42,75,7.72,US,1715196037
322,port alfred,-33.5906,26.891,18.43,93,100,2.18,ZA,1715196037
323,palikir - national government center,6.9248,158.1611,26.41,94,100,3.09,FM,1715196038
324,nikolayevsk-on-amure,53.1406,140.73,1.79,72,100,1.79,RU,1715196038
325,balqash,46.8481,74.995,18.69,44,95,7.12,KZ,1715196038
326,chulakkurgan,43.765,69.1814,24.56,40,100,3.31,KZ,1715196025
327,vila velha,-20.3297,-40.2925,27.97,84,20,5.66,BR,1715196005
328,shigony,53.3875,48.6777,4.51,66,8,5.16,RU,1715196038
329,gua musang,4.8823,101.9644,24.88,91,100,0.2,MY,1715196038
330,laguna,38.421,-121.4238,24.5,25,0,11.83,US,1715196038
331,sola,-13.8833,167.55,26.7,69,100,8.5,VU,1715196038
332,bubaque,11.2833,-15.8333,26.82,71,3,5.78,GW,1715195899
333,port lincoln,-34.7333,135.8667,15.21,81,87,5.2,AU,1715196038
334,ribeira brava,32.65,-17.0667,22.62,84,100,0.81,PT,1715196038
335,el nido,11.1858,119.3956,28.88,72,63,2.98,PH,1715196039
336,pontal do parana,-25.6533,-48.5128,32.1,52,4,1.13,BR,1715196039
337,xilin hot,43.9667,116.0333,10.78,19,100,2.99,CN,1715196039
338,oak hill,37.9723,-81.1487,23.17,39,100,5.02,US,1715196039
339,aktobe,50.2797,57.2072,14.05,82,75,7.0,KZ,1715195876
340,badger,64.8,-147.5333,11.11,63,75,0.89,US,1715196039
341,hailar,49.2,119.7,7.37,27,2,2.99,CN,1715196039
342,darnah,32.767,22.6367,19.74,66,62,4.92,LY,1715196039
343,kotido,2.9806,34.1331,22.9,69,10,4.84,UG,1715196039
344,lata,40.1629,-8.3327,20.16,55,28,0.77,PT,1715196039
345,selkirk,50.1436,-96.8845,22.31,43,10,4.02,CA,1715195965
346,kairouan,35.6781,10.0963,18.01,52,40,3.09,TN,1715196039
347,tynda,55.1667,124.7167,0.45,73,9,5.92,RU,1715196040
348,jincheng,35.5022,112.8328,18.03,45,100,1.04,CN,1715196040
349,tambacounda,13.7539,-13.7586,41.03,27,0,1.03,SN,1715196040
350,wamba,8.9333,8.6,29.97,57,27,0.57,NG,1715196040
351,yuzhno-kurilsk,44.0306,145.8556,2.99,95,69,5.23,RU,1715196040
352,sungai raya,0.7,108.9,25.71,93,100,3.04,ID,1715196040
353,tucuma,-0.1833,-50.05,28.54,82,70,2.98,BR,1715196040
354,lerwick,60.1545,-1.1494,9.0,98,100,6.57,GB,1715196040
355,luganville,-15.5333,167.1667,23.79,81,100,4.13,VU,1715196040
356,broken hill,-31.95,141.4333,13.14,74,12,4.39,AU,1715195961
357,revda,56.801,59.9303,9.57,95,100,2.27,RU,1715195764
358,mejit,10.2753,170.8646,27.44,80,100,9.36,MH,1715196041
359,vieste,41.8825,16.175,17.21,88,98,4.76,IT,1715196041
360,ak-suu,42.4995,78.527,13.59,35,14,2.34,KG,1715196023
361,labrador city,52.9463,-66.9114,6.77,39,20,7.15,CA,1715196041
362,dyatlovo,53.4631,25.4068,5.91,71,82,3.02,BY,1715196041
363,shingu,33.7333,135.9833,10.17,73,100,2.84,JP,1715196041
364,armyansk,46.1092,33.6921,12.94,51,99,5.17,UA,1715196041
365,cabo san lucas,22.8909,-109.9124,32.56,30,20,3.6,MX,1715195948
366,ezhva,61.8128,50.7283,-2.12,100,75,4.0,RU,1715196041
367,qarqaraly,49.4058,75.4742,12.36,60,99,3.71,KZ,1715196041
368,kanor,24.4333,74.2667,32.74,23,9,6.12,IN,1715196041
369,puerto deseado,-47.7503,-65.8938,6.93,59,12,2.58,AR,1715196041
370,sanctuary point,-35.1114,150.629,15.97,89,95,0.84,AU,1715196041
371,moreira sales,-24.0622,-53.0069,33.31,28,0,5.54,BR,1715195969
372,majene,-3.5403,118.9707,24.88,90,88,1.66,ID,1715196042
373,mahanoro,-19.9,48.8,22.84,82,0,2.08,MG,1715196042
374,qiziltepa,40.0331,64.85,23.53,31,100,4.93,UZ,1715196042
375,yura,-16.2522,-71.6797,22.29,20,0,5.66,PE,1715196042
376,turinskaya sloboda,57.6232,64.3858,15.71,53,100,6.9,RU,1715196042
377,yeraliyev,43.2,51.65,15.53,72,100,9.98,KZ,1715196042
378,berezovyy,51.6667,135.7,10.73,55,100,2.29,RU,1715196042
379,nar'yan-mar,67.6713,53.087,-4.94,88,100,7.15,RU,1715196043
380,fort irwin,35.2627,-116.6848,20.9,13,0,7.2,US,1715196043
381,usogorsk,63.4106,48.6872,-0.19,50,100,6.79,RU,1715196043
382,vel'sk,61.0701,42.0983,-0.96,51,100,4.47,RU,1715196043
383,bougouni,11.417,-7.479,32.41,41,80,1.84,ML,1715196043
384,arkhipo-osipovka,44.37,38.52,15.91,71,74,1.53,RU,1715196043
385,albuquerque,35.0845,-106.6511,21.39,17,20,3.09,US,1715195916
386,hwange,-18.3693,26.5019,21.39,37,12,0.52,ZW,1715196043
387,port augusta,-32.5,137.7667,13.95,55,100,2.75,AU,1715195968
388,madang,-5.2246,145.7966,24.06,96,100,2.47,PG,1715196043
389,bethanie,-26.4833,17.15,20.88,32,0,1.97,NA,1715196044
390,vyselki,45.5794,39.6597,12.17,94,100,1.33,RU,1715196044
391,kalemie,-5.9475,29.1947,23.47,83,100,2.2,CD,1715196044
392,lihue,21.9789,-159.3672,26.58,73,100,4.63,US,1715196044
393,san fernando de apure,7.8878,-67.4724,34.03,47,100,2.29,VE,1715196044
394,forster,-32.1667,152.5167,14.65,100,100,0.5,AU,1715196044
395,susuman,62.7833,148.1667,-1.12,83,99,1.34,RU,1715196044
396,guerrero negro,27.9769,-114.0611,19.19,59,0,8.33,MX,1715196044
397,boa vista,2.8197,-60.6733,31.99,58,75,3.09,BR,1715196044
398,mersa matruh,31.3525,27.2453,19.55,67,100,6.89,EG,1715196044
399,plaza huincul,-38.926,-69.2086,12.3,10,15,0.89,AR,1715196026
400,oranjemund,-28.55,16.4333,15.02,84,2,5.26,NA,1715196044
401,greenville,35.6127,-77.3663,33.01,54,40,4.63,US,1715195992
402,lodwar,3.1191,35.5973,30.4,52,6,5.08,KE,1715196045
403,nuku'alofa,-21.1333,-175.2,25.19,73,75,3.09,TO,1715196045
404,harper,4.375,-7.7169,27.36,84,91,3.09,LR,1715196045
405,maba,24.6841,113.5984,20.55,24,100,1.24,CN,1715196045
406,grenaa,56.4158,10.8783,14.12,84,98,3.17,DK,1715196045
407,alenquer,-1.9417,-54.7383,29.21,82,66,1.64,BR,1715196045
408,chadron,42.8294,-102.9999,9.98,68,100,5.66,US,1715196045
409,staryy dobrotvir,50.2315,24.377,10.07,64,100,3.25,UA,1715196045
410,touros,-5.1989,-35.4608,28.69,75,48,5.23,BR,1715196045
411,geraldton,-28.7667,114.6,23.23,28,100,9.26,AU,1715195983
412,grand falls-windsor,48.9332,-55.6649,10.84,70,100,2.69,CA,1715196046
413,dryden,49.7833,-92.7503,16.16,41,0,5.14,CA,1715196046
414,tralee,52.2704,-9.7026,14.55,77,73,1.84,IE,1715195931
415,bardai,11.65,7.2333,33.52,15,73,3.01,NG,1715196046
416,pecanha,-18.5486,-42.5569,24.13,73,63,1.87,BR,1715196046
417,chingirlau,51.095,54.0814,7.49,85,100,8.21,KZ,1715196046
418,dapa,9.7594,126.0531,27.09,79,100,1.33,PH,1715196046
419,arraial do cabo,-22.9661,-42.0278,27.98,74,0,8.75,BR,1715195848
420,borogontsy,62.6683,131.1683,-0.8,93,100,2.5,RU,1715196046
421,filey,54.21,-0.2892,15.82,83,95,4.92,GB,1715195839
422,kodinsk,58.6881,99.1844,8.58,90,82,3.91,RU,1715196046
423,peace river,56.2501,-117.286,17.17,21,75,7.2,CA,1715196046
424,bengkulu,-3.8004,102.2655,24.49,91,88,1.4,ID,1715196047
425,carnarvon,-24.8667,113.6333,21.66,54,26,1.06,AU,1715196047
426,sigli,5.3848,95.9609,27.77,77,100,1.48,ID,1715196047
427,tazacorte,28.629,-17.9293,20.54,83,75,3.09,ES,1715196047
428,wewak,-3.5534,143.6268,25.05,92,100,3.42,PG,1715196047
429,nagqu,31.5,92.0,1.68,57,86,5.68,CN,1715196047
430,pariaman,-0.619,100.12,27.03,86,100,2.29,ID,1715196047
431,cascais,38.6979,-9.4215,27.92,38,0,4.12,PT,1715196047
432,brigantine,39.4101,-74.3646,32.11,72,0,7.72,US,1715196047
433,anloga,5.7947,0.8973,29.62,75,100,5.76,GH,1715196048
434,kem',64.9555,34.5793,-4.57,89,93,4.52,RU,1715196048
435,ruteng,-8.6136,120.4721,15.54,93,8,0.95,ID,1715196048
436,luorong,24.4058,109.6086,20.31,98,100,1.63,CN,1715196048
437,tsiombe,-25.3,45.4833,21.36,83,0,3.06,MG,1715196048
438,mersing,2.4312,103.8405,25.95,94,20,2.57,MY,1715196048
439,saint albans,51.75,-0.3333,17.69,71,34,2.57,GB,1715196048
440,kyshtovka,56.555,76.6271,9.63,56,100,1.79,RU,1715196048
441,jayapura,-2.5333,140.7,23.66,92,100,1.22,ID,1715196048
442,gaalkacyo,6.7697,47.4308,32.45,49,98,0.99,SO,1715196048
443,champerico,14.3,-91.9167,35.3,63,1,5.53,GT,1715196048
444,levuka,50.1834,-105.4011,18.9,48,75,8.75,CA,1715196049
445,voss,60.623,6.4229,10.85,74,100,2.77,NO,1715196049
446,sidi ifni,29.3797,-10.173,31.86,65,100,2.81,MA,1715196049
447,nova sintra,14.8667,-24.7167,23.89,74,0,6.35,CV,1715196049
448,west fargo,46.875,-96.9004,21.0,44,0,3.6,US,1715195872
449,kavaratti,10.5669,72.642,30.5,68,100,4.25,IN,1715196049
450,kariba,-16.5167,28.8,20.88,38,19,2.24,ZW,1715196049
451,ingeniero jacobacci,-41.3427,-69.5448,6.46,49,10,9.53,AR,1715196049
452,barra de santo antonio,-9.4047,-35.5072,26.6,79,100,4.59,BR,1715196049
453,kuliyapitiya,7.4688,80.0401,24.75,96,100,1.66,LK,1715196025
454,sovata,46.5833,25.0667,10.86,96,100,2.36,RO,1715196049
455,argostolion,38.1811,20.489,21.53,35,40,1.03,GR,1715196050
456,whakatane,-37.9585,176.9854,8.86,78,6,4.08,NZ,1715196050
457,yelovo,57.0538,54.9207,3.67,82,100,4.38,RU,1715196050
458,campofelice di roccella,37.9902,13.8854,15.18,94,100,1.21,IT,1715196050
459,sao jose da coroa grande,-8.8978,-35.1478,28.14,78,100,3.46,BR,1715196050
460,livingston,55.9029,-3.5226,15.67,64,0,3.6,GB,1715196050
461,south portland,43.6415,-70.2409,10.4,94,100,3.6,US,1715195794
462,concepcion,-36.827,-73.0498,11.89,71,20,3.09,CL,1715195882
463,san pedro,14.35,121.0167,29.57,78,40,2.57,PH,1715196050
464,bandundu,-3.3167,17.3667,28.63,52,19,1.33,CD,1715196050
465,fada,9.5667,8.3,27.5,60,55,1.59,NG,1715196050
466,khovd,48.0056,91.6419,11.82,54,100,3.97,MN,1715196050
467,el granada,37.5027,-122.4694,25.94,40,0,8.75,US,1715196050
468,guli,28.8833,120.0333,15.38,85,100,0.83,CN,1715196051
469,prado,-17.3411,-39.2208,27.39,71,0,3.3,BR,1715196051
470,berryville,36.3648,-93.568,29.05,69,27,6.7,US,1715196051
471,panambi,-28.2925,-53.5017,21.44,91,100,5.33,BR,1715195862
472,kemijarvi,66.7131,27.4306,-3.79,95,83,1.26,FI,1715196051
473,tabou,4.423,-7.3528,27.57,82,89,2.85,CI,1715196051
474,mbala,-8.8402,31.3659,17.71,73,89,3.93,ZM,1715196051
475,ulan bator,47.9077,106.8832,12.07,19,40,5.0,MN,1715195882
476,benghazi,32.1167,20.0667,22.77,42,1,8.34,LY,1715196051
477,sehore,23.2,77.0833,33.59,23,23,2.22,IN,1715196051
478,choibalsan,48.0667,114.5,10.01,22,100,2.27,MN,1715196051
479,haiku-pauwela,20.9219,-156.3051,25.68,68,40,3.6,US,1715196051
480,angaur state,6.906,134.13,28.32,76,82,2.55,PW,1715196052
481,santyoku,37.4406,129.1708,10.21,38,0,3.35,KR,1715196052
482,inhambane,-23.865,35.3833,20.99,88,20,1.54,MZ,1715196052
483,timbuktu,16.7735,-3.0074,38.51,13,9,2.23,ML,1715196052
484,sao joao da barra,-21.6403,-41.0511,29.05,85,0,5.05,BR,1715196052
485,nacala,-14.5428,40.6728,23.38,90,84,2.61,MZ,1715196052
486,dalbandin,28.8947,64.4101,32.67,14,0,0.97,PK,1715196052
487,ust'-kalmanka,52.1207,83.305,12.91,57,0,1.11,RU,1715196052
488,pacocha,-17.5833,-71.3333,19.08,73,100,4.12,PE,1715196052
489,remire-montjoly,4.9167,-52.2667,30.02,74,75,2.06,GF,1715196052
490,palmer,42.1584,-72.3287,24.48,86,100,1.54,US,1715195918
491,segou,13.4317,-6.2157,35.5,32,100,9.81,ML,1715196052
492,yeppoon,-23.1333,150.7333,19.58,80,99,7.88,AU,1715196053
493,rosario oeste,-14.8361,-56.4275,34.34,41,5,2.23,BR,1715196053
494,helong,42.5397,128.9972,11.15,54,100,2.82,CN,1715196053
495,mandal,25.45,74.5667,32.68,19,15,4.74,IN,1715196053
496,machico,32.7,-16.7667,22.62,83,40,4.12,PT,1715196053
497,manthani,18.65,79.6667,31.55,48,0,6.58,IN,1715196053
498,misratah,32.3754,15.0925,19.68,73,95,6.55,LY,1715196053
499,guane,22.2025,-84.0875,33.44,48,54,5.98,CU,1715196053
500,tosontsengel,48.7567,98.2839,7.03,88,92,0.92,MN,1715196053
501,ambalangoda,6.2355,80.0538,25.34,92,100,5.84,LK,1715196053
502,kovdor,67.5662,30.4758,-5.19,95,99,1.48,RU,1715196053
503,fort bragg,35.139,-79.006,33.23,56,20,4.12,US,1715196053
504,port hedland,-20.3167,118.5667,20.03,52,0,2.57,AU,1715196054
505,st. john's,47.5649,-52.7093,6.27,90,100,7.2,CA,1715196054
506,cesky krumlov,48.8109,14.3152,13.2,81,95,1.82,CZ,1715196054
507,luchegorsk,46.4764,134.2569,8.01,54,100,2.7,RU,1715196054
508,callao,-12.0667,-77.15,20.16,77,40,3.6,PE,1715196054
509,tokonou,9.65,-9.7833,24.65,81,96,1.36,GN,1715195897
510,selfoss,63.9331,-20.9971,8.36,54,7,5.93,IS,1715196054
511,metro,-5.1131,105.3067,24.7,90,98,0.35,ID,1715196054
512,ola,59.5833,151.2833,0.08,92,100,1.14,RU,1715196054
513,mount isa,-20.7333,139.5,21.87,73,75,0.51,AU,1715196054
514,maintirano,-18.0667,44.0167,25.97,74,0,2.68,MG,1715196054
515,yala,6.3333,101.25,24.5,95,8,1.15,TH,1715196054
516,talbahat,25.05,78.4333,32.12,29,1,7.68,IN,1715195956
517,samara,53.0,50.0,5.11,63,0,4.94,RU,1715196055
518,ulyanovsk,54.0,48.0,3.5,72,33,3.7,RU,1715196055
519,yanam,16.7333,82.2167,25.15,80,91,0.71,IN,1715196055
520,taro,-8.3862,115.28,23.0,100,69,0.19,ID,1715196055
521,north battleford,52.7834,-108.2847,20.05,42,20,7.2,CA,1715195885
522,kaplice,48.7385,14.4963,12.88,90,95,1.81,CZ,1715196055
523,anzio,41.4853,12.6179,15.63,84,100,4.56,IT,1715196055
524,kapenguria,1.2511,35.0895,15.47,89,50,0.73,KE,1715196055
525,martapura,-3.4167,114.85,27.05,94,75,1.54,ID,1715196056
526,balykshi,47.0667,51.8667,14.0,62,40,7.0,KZ,1715196056
527,bulungu,-4.55,18.6,28.07,47,57,1.03,CD,1715196056
528,dakhla,23.6848,-15.958,19.01,88,100,6.69,EH,1715196056
529,boca do acre,-8.7522,-67.3978,30.11,71,100,1.22,BR,1715196056
530,novo aripuana,-5.1206,-60.3797,32.58,55,89,1.69,BR,1715196056
531,greymouth,-42.4667,171.2,4.55,71,1,5.07,NZ,1715196056
532,xi'an,34.2583,108.9286,19.45,76,99,1.09,CN,1715196056
533,newman,37.3138,-121.0208,23.34,35,0,9.83,US,1715196056
534,chivhu,-19.0211,30.8922,13.4,38,0,3.39,ZW,1715196056
535,cannonvale,-20.2833,148.7,23.66,80,97,7.43,AU,1715196056
536,byford,-32.2167,116.0,20.48,44,100,5.14,AU,1715196056
537,ceeldheer,3.8488,47.1806,29.48,75,68,5.09,SO,1715196057
538,namsos,64.4662,11.4957,7.95,81,20,3.09,NO,1715196057
539,sarina,-21.4333,149.2167,21.26,1,100,4.7,AU,1715196057
540,coquimbo,-29.9533,-71.3436,16.93,60,0,4.98,CL,1715195597
541,rudbar,30.15,62.6,33.86,12,56,3.9,AF,1715196057
542,bukan,36.521,46.2089,8.97,71,23,2.2,IR,1715196057
543,onega,63.9061,38.1404,-4.29,83,90,5.51,RU,1715196057
544,kodiak,57.79,-152.4072,3.73,65,75,5.66,US,1715196057
545,ardestan,33.3761,52.3694,21.1,19,11,3.05,IR,1715196057
546,tongouson,5.0214,120.1328,27.93,76,43,1.53,PH,1715196057
547,kale,50.9581,1.8521,12.2,85,100,3.33,FR,1715196058
548,veraval,20.9,70.3667,27.51,87,0,6.04,IN,1715196058
549,baissa,7.2333,10.6333,25.13,95,100,1.83,NG,1715196058
550,port moresby,-9.4431,147.1797,24.68,100,75,2.57,PG,1715196058
551,restrepo,3.822,-76.5224,21.19,88,100,0.82,CO,1715196058
552,turkmenbasy,40.0222,52.9552,13.43,76,0,1.03,TM,1715196058
553,el porvenir,13.7617,-87.3458,34.63,41,100,4.14,HN,1715196058
554,bodaybo,57.8506,114.1933,-0.12,95,99,1.22,RU,1715196058
555,znamenskoye,57.1281,73.8282,6.99,75,81,3.12,RU,1715196058
556,port isabel,26.0734,-97.2086,35.04,69,20,6.17,US,1715196058
557,belmonte,-15.8631,-38.8828,27.64,67,0,3.23,BR,1715196059
558,the dalles,45.5946,-121.1787,19.23,48,0,2.57,US,1715195892
559,margherita,27.2833,95.6833,22.65,76,59,1.53,IN,1715196059
560,loon,9.7998,123.7929,27.16,77,100,2.65,PH,1715196059
561,serdar,38.9764,56.2757,21.23,47,0,6.17,TM,1715196059
562,westport,41.1415,-73.3579,30.06,61,0,5.66,US,1715196041
563,jiazi,22.8779,116.067,22.65,74,99,7.46,CN,1715196059
564,durg,21.1833,81.2833,31.99,39,99,2.17,IN,1715196059
565,lincoln city,44.9582,-124.0179,17.2,78,6,8.94,US,1715196059
566,khasab,26.1799,56.2477,31.66,35,0,5.43,OM,1715196059
567,ndofane,13.9167,-15.9333,30.89,38,1,7.78,SN,1715196059
568,bandarbeyla,9.4942,50.8122,28.96,80,0,5.38,SO,1715196059
569,namibe,-15.1961,12.1522,23.36,68,0,4.07,AO,1715196060
570,port lavaca,28.615,-96.6261,32.39,81,100,4.12,US,1715196060
571,acarau,-2.8856,-40.12,28.46,81,88,4.29,BR,1715196060
572,inawashiro,37.5667,140.1167,6.53,96,98,1.63,JP,1715196060
573,el matama,16.7095,33.3565,31.65,8,0,4.48,SD,1715196060
574,yaren,-0.5472,166.916,28.88,76,13,4.24,NR,1715196060
575,dhromolaxia,34.8755,33.5868,19.85,84,0,0.0,CY,1715196060
576,fauske,67.2588,15.3918,5.02,81,100,1.93,NO,1715196060
577,kamaishi,39.2667,141.8833,7.26,84,99,1.57,JP,1715196061
578,dubbo,-32.25,148.6167,13.07,88,75,4.63,AU,1715196061
579,scottburgh,-30.2867,30.7532,19.77,85,1,3.03,ZA,1715196061
580,dudinka,69.4058,86.1778,-10.74,94,100,3.13,RU,1715196061
581,antsiranana,-12.2787,49.2917,24.89,77,100,8.87,MG,1715196061
582,rikaze,29.25,88.8833,7.24,46,100,1.0,CN,1715196061
583,lodja,-3.4833,23.4333,23.2,91,73,0.38,CD,1715196061
584,crookston,47.7741,-96.6081,19.5,45,40,3.6,US,1715196061
585,banaz,38.7371,29.7519,16.15,34,100,1.87,TR,1715196061
586,nova vicosa,-17.8919,-39.3719,28.0,69,2,3.43,BR,1715196062
587,keflavik,64.0049,-22.5624,6.95,65,75,5.14,IS,1715196062
588,cabedelo,-6.9811,-34.8339,29.37,78,100,4.43,BR,1715196041
589,bowen,-20.0167,148.2333,20.18,88,98,5.4,AU,1715196062
